controller,trials,mean_energy_cost,mean_demand_cost,mean_total_cost,p05_total_cost,p95_total_cost,mean_energy_kwh,mean_peak_power_kw,p95_peak_power_kw,temperature_violation_rate,high_violation_rate,low_violation_rate,terminal_violation_rate,mean_forced_off,mean_forced_full,p95_max_temp
dp_with_demand_charge,5000,16.976395,5.050808333333333,22.027203333333336,20.625,24.008333333333336,131.9785,8.1905,10.0,0.0328,0.0176,0.0152,0.0,0.0152,0.0182,-15.153285960143904
thermostat,5000,18.394920000000003,7.4,25.794920000000005,24.200000000000003,27.200000000000003,137.4528,12.0,12.0,1.0,0.9212,0.999,0.3566,0.0,0.0,-11.427915757539365
