controller,trials,mean_energy_cost,mean_demand_cost,mean_total_cost,p05_total_cost,p95_total_cost,mean_energy_kwh,mean_peak_power_kw,p95_peak_power_kw,temperature_violation_rate,high_violation_rate,low_violation_rate,terminal_violation_rate,mean_forced_off,mean_forced_full,p95_max_temp
dp_with_demand_charge,5000,27.320545000000003,7.065766666666667,34.38631166666667,33.108333333333334,35.7,215.125,11.458,12.0,0.0306,0.0152,0.0156,0.0,0.0156,0.0152,-15.153705018525322
thermostat,5000,28.158240000000003,7.4,35.558240000000005,33.2,37.400000000000006,208.7376,12.0,12.0,1.0,0.9994,0.6792,0.7358,0.0,0.0,-10.336553349852144
